id,label,predict_result,predict_score,predict_detail,type
2,0,0,0.2274408261189089,"{'0': 0.7725591738810911, '1': 0.2274408261189089}",train
4,0,0,0.2815153640687639,"{'0': 0.7184846359312361, '1': 0.2815153640687639}",train
6,1,1,0.567044070639865,"{'0': 0.43295592936013505, '1': 0.567044070639865}",train
7,0,1,0.6307305090876804,"{'0': 0.36926949091231964, '1': 0.6307305090876804}",train
10,0,1,0.6689072523085351,"{'0': 0.3310927476914649, '1': 0.6689072523085351}",train
11,1,1,0.7316075127608573,"{'0': 0.26839248723914266, '1': 0.7316075127608573}",train
16,0,1,0.6735908654068662,"{'0': 0.3264091345931338, '1': 0.6735908654068662}",train
18,1,0,0.4327453479071582,"{'0': 0.5672546520928419, '1': 0.4327453479071582}",train
21,1,1,0.8496399530789414,"{'0': 0.15036004692105864, '1': 0.8496399530789414}",train
24,1,0,0.4381036865364974,"{'0': 0.5618963134635027, '1': 0.4381036865364974}",train
28,0,1,0.5105634301955467,"{'0': 0.48943656980445327, '1': 0.5105634301955467}",train
36,0,1,0.693732100652229,"{'0': 0.306267899347771, '1': 0.693732100652229}",train
44,0,1,0.6905426240532009,"{'0': 0.3094573759467991, '1': 0.6905426240532009}",train
45,0,0,0.410144439405701,"{'0': 0.589855560594299, '1': 0.410144439405701}",train
50,1,1,0.7556957982120601,"{'0': 0.24430420178793988, '1': 0.7556957982120601}",train
51,1,1,0.9299889458306665,"{'0': 0.07001105416933351, '1': 0.9299889458306665}",train
56,1,0,0.4895576209896764,"{'0': 0.5104423790103236, '1': 0.4895576209896764}",train
63,1,1,0.9112020636352419,"{'0': 0.08879793636475808, '1': 0.9112020636352419}",train
64,1,1,0.7029960202139803,"{'0': 0.29700397978601967, '1': 0.7029960202139803}",train
77,0,0,0.4428964789649555,"{'0': 0.5571035210350446, '1': 0.4428964789649555}",train
79,1,1,0.7279318150375829,"{'0': 0.27206818496241714, '1': 0.7279318150375829}",train
82,1,0,0.03849926396902088,"{'0': 0.9615007360309791, '1': 0.03849926396902088}",train
83,0,0,0.19498514649548576,"{'0': 0.8050148535045143, '1': 0.19498514649548576}",train
87,0,0,0.39653653643364123,"{'0': 0.6034634635663587, '1': 0.39653653643364123}",train
88,1,1,0.8736839811625603,"{'0': 0.1263160188374397, '1': 0.8736839811625603}",train
89,1,1,0.5387123807931664,"{'0': 0.4612876192068336, '1': 0.5387123807931664}",train
92,1,1,0.7380303576419158,"{'0': 0.2619696423580842, '1': 0.7380303576419158}",train
93,1,1,0.6909252385692881,"{'0': 0.3090747614307119, '1': 0.6909252385692881}",train
96,1,1,0.6735750896236427,"{'0': 0.32642491037635735, '1': 0.6735750896236427}",train
100,0,1,0.5854037719195478,"{'0': 0.41459622808045216, '1': 0.5854037719195478}",train
102,1,1,0.7752744334433916,"{'0': 0.22472556655660836, '1': 0.7752744334433916}",train
112,1,1,0.7023762988488838,"{'0': 0.29762370115111625, '1': 0.7023762988488838}",train
114,1,1,0.8845207061925052,"{'0': 0.11547929380749478, '1': 0.8845207061925052}",train
117,0,1,0.5911508937425699,"{'0': 0.4088491062574301, '1': 0.5911508937425699}",train
118,1,0,0.42556079393937407,"{'0': 0.5744392060606259, '1': 0.42556079393937407}",train
119,0,1,0.6556884444755118,"{'0': 0.3443115555244882, '1': 0.6556884444755118}",train
121,0,0,0.4462049360839512,"{'0': 0.5537950639160488, '1': 0.4462049360839512}",train
123,1,1,0.6130731406653744,"{'0': 0.38692685933462556, '1': 0.6130731406653744}",train
127,0,0,0.4367905971019498,"{'0': 0.5632094028980502, '1': 0.4367905971019498}",train
132,0,0,0.477116989190028,"{'0': 0.522883010809972, '1': 0.477116989190028}",train
136,1,1,0.768955670983508,"{'0': 0.23104432901649197, '1': 0.768955670983508}",train
138,0,1,0.5581748874279736,"{'0': 0.4418251125720264, '1': 0.5581748874279736}",train
149,1,1,0.6985247024211162,"{'0': 0.3014752975788838, '1': 0.6985247024211162}",train
150,1,1,0.8286136969011567,"{'0': 0.17138630309884328, '1': 0.8286136969011567}",train
155,1,1,0.9083959788305187,"{'0': 0.0916040211694813, '1': 0.9083959788305187}",train
159,1,1,0.8920899050924318,"{'0': 0.1079100949075682, '1': 0.8920899050924318}",train
160,1,1,0.7571873643663738,"{'0': 0.2428126356336262, '1': 0.7571873643663738}",train
162,0,0,0.23758892585654287,"{'0': 0.7624110741434571, '1': 0.23758892585654287}",train
163,1,1,0.7753523247766265,"{'0': 0.22464767522337348, '1': 0.7753523247766265}",train
165,1,1,0.6572465245456454,"{'0': 0.34275347545435464, '1': 0.6572465245456454}",train
166,1,1,0.9620264055771695,"{'0': 0.03797359442283055, '1': 0.9620264055771695}",train
168,0,0,0.2523658766115391,"{'0': 0.7476341233884609, '1': 0.2523658766115391}",train
170,1,1,0.9188141896762063,"{'0': 0.08118581032379368, '1': 0.9188141896762063}",train
182,0,1,0.6942657998242225,"{'0': 0.30573420017577746, '1': 0.6942657998242225}",train
188,1,1,0.9462266065097505,"{'0': 0.053773393490249455, '1': 0.9462266065097505}",train
189,1,1,0.7605859153835169,"{'0': 0.23941408461648306, '1': 0.7605859153835169}",train
190,1,1,0.7074183171426413,"{'0': 0.29258168285735875, '1': 0.7074183171426413}",train
192,1,1,0.8835458911902883,"{'0': 0.11645410880971174, '1': 0.8835458911902883}",train
193,0,1,0.7908210662028748,"{'0': 0.20917893379712516, '1': 0.7908210662028748}",train
197,0,0,0.41734626812803005,"{'0': 0.58265373187197, '1': 0.41734626812803005}",train
205,0,1,0.7542784853454036,"{'0': 0.24572151465459635, '1': 0.7542784853454036}",train
207,0,0,0.49538948999743765,"{'0': 0.5046105100025624, '1': 0.49538948999743765}",train
213,0,1,0.5884139505923188,"{'0': 0.4115860494076812, '1': 0.5884139505923188}",train
215,0,1,0.7306699608998383,"{'0': 0.26933003910016173, '1': 0.7306699608998383}",train
220,1,1,0.905062954247772,"{'0': 0.09493704575222806, '1': 0.905062954247772}",train
221,1,1,0.6632280384567895,"{'0': 0.33677196154321054, '1': 0.6632280384567895}",train
223,0,1,0.6665347336995513,"{'0': 0.3334652663004487, '1': 0.6665347336995513}",train
225,1,1,0.6441967659514093,"{'0': 0.3558032340485907, '1': 0.6441967659514093}",train
230,1,0,0.3845867770205437,"{'0': 0.6154132229794562, '1': 0.3845867770205437}",train
238,1,1,0.7787183964753774,"{'0': 0.22128160352462256, '1': 0.7787183964753774}",train
240,1,1,0.6736129520639056,"{'0': 0.3263870479360944, '1': 0.6736129520639056}",train
244,0,0,0.2743555718779578,"{'0': 0.7256444281220422, '1': 0.2743555718779578}",train
250,1,0,0.18897850245100545,"{'0': 0.8110214975489946, '1': 0.18897850245100545}",train
256,0,0,0.2094306028808997,"{'0': 0.7905693971191003, '1': 0.2094306028808997}",train
260,0,0,0.2574038572855582,"{'0': 0.7425961427144419, '1': 0.2574038572855582}",train
261,0,1,0.5502592864531064,"{'0': 0.4497407135468936, '1': 0.5502592864531064}",train
265,0,0,0.26889526749784287,"{'0': 0.7311047325021571, '1': 0.26889526749784287}",train
269,1,1,0.7842405794842272,"{'0': 0.2157594205157728, '1': 0.7842405794842272}",train
274,1,1,0.7027446313526179,"{'0': 0.2972553686473821, '1': 0.7027446313526179}",train
280,0,0,0.3267608997843709,"{'0': 0.673239100215629, '1': 0.3267608997843709}",train
281,1,1,0.9525038552893255,"{'0': 0.04749614471067454, '1': 0.9525038552893255}",train
283,0,0,0.38751696349855286,"{'0': 0.6124830365014471, '1': 0.38751696349855286}",train
285,1,1,0.7917463370663567,"{'0': 0.20825366293364334, '1': 0.7917463370663567}",train
289,1,1,0.945985958024072,"{'0': 0.05401404197592796, '1': 0.945985958024072}",train
291,1,1,0.6366614252929083,"{'0': 0.36333857470709174, '1': 0.6366614252929083}",train
293,1,1,0.9321048303882171,"{'0': 0.06789516961178288, '1': 0.9321048303882171}",train
302,0,0,0.1877660605332723,"{'0': 0.8122339394667277, '1': 0.1877660605332723}",train
306,1,1,0.7951509047724306,"{'0': 0.20484909522756944, '1': 0.7951509047724306}",train
309,1,1,0.7625038155031139,"{'0': 0.23749618449688614, '1': 0.7625038155031139}",train
317,1,1,0.5677512366181652,"{'0': 0.4322487633818348, '1': 0.5677512366181652}",train
319,1,1,0.812063094368576,"{'0': 0.18793690563142396, '1': 0.812063094368576}",train
324,1,1,0.8088394374299095,"{'0': 0.1911605625700905, '1': 0.8088394374299095}",train
328,1,1,0.529578651849007,"{'0': 0.470421348150993, '1': 0.529578651849007}",train
331,1,1,0.8713998178796011,"{'0': 0.12860018212039892, '1': 0.8713998178796011}",train
333,1,1,0.8557055210646248,"{'0': 0.14429447893537517, '1': 0.8557055210646248}",train
337,1,1,0.6113039520101591,"{'0': 0.3886960479898409, '1': 0.6113039520101591}",train
338,1,1,0.8471422824596365,"{'0': 0.15285771754036348, '1': 0.8471422824596365}",train
340,1,1,0.664959826395847,"{'0': 0.33504017360415295, '1': 0.664959826395847}",train
345,1,1,0.9761565182650859,"{'0': 0.02384348173491413, '1': 0.9761565182650859}",train
355,1,1,0.6969191243198891,"{'0': 0.3030808756801109, '1': 0.6969191243198891}",train
357,1,1,0.7619871250400851,"{'0': 0.23801287495991486, '1': 0.7619871250400851}",train
358,1,1,0.8485358308410192,"{'0': 0.15146416915898075, '1': 0.8485358308410192}",train
360,1,1,0.9489738321140789,"{'0': 0.05102616788592107, '1': 0.9489738321140789}",train
361,1,1,0.8844977349422531,"{'0': 0.11550226505774686, '1': 0.8844977349422531}",train
366,0,0,0.23445395061816524,"{'0': 0.7655460493818348, '1': 0.23445395061816524}",train
367,1,1,0.7952032409910766,"{'0': 0.20479675900892336, '1': 0.7952032409910766}",train
369,1,0,0.12220582099844113,"{'0': 0.8777941790015589, '1': 0.12220582099844113}",train
378,1,1,0.9162292854909692,"{'0': 0.08377071450903084, '1': 0.9162292854909692}",train
384,1,1,0.9126929195243633,"{'0': 0.08730708047563673, '1': 0.9126929195243633}",train
405,1,1,0.9307969073550704,"{'0': 0.06920309264492963, '1': 0.9307969073550704}",train
413,1,1,0.6639275484124679,"{'0': 0.3360724515875321, '1': 0.6639275484124679}",train
415,1,1,0.7732417080577164,"{'0': 0.22675829194228359, '1': 0.7732417080577164}",train
418,1,1,0.860178319698735,"{'0': 0.13982168030126496, '1': 0.860178319698735}",train
420,1,1,0.9206816079372521,"{'0': 0.07931839206274793, '1': 0.9206816079372521}",train
425,1,1,0.9482954943081483,"{'0': 0.0517045056918517, '1': 0.9482954943081483}",train
427,1,1,0.9201930617487355,"{'0': 0.0798069382512645, '1': 0.9201930617487355}",train
428,1,1,0.9570267605948394,"{'0': 0.042973239405160624, '1': 0.9570267605948394}",train
439,1,1,0.6754976316506125,"{'0': 0.3245023683493875, '1': 0.6754976316506125}",train
443,1,1,0.8250710283340249,"{'0': 0.1749289716659751, '1': 0.8250710283340249}",train
445,1,1,0.6472917722949386,"{'0': 0.3527082277050614, '1': 0.6472917722949386}",train
446,0,0,0.32235463308891793,"{'0': 0.677645366911082, '1': 0.32235463308891793}",train
449,0,0,0.22343923115408404,"{'0': 0.776560768845916, '1': 0.22343923115408404}",train
452,1,1,0.74769015368939,"{'0': 0.25230984631061004, '1': 0.74769015368939}",train
468,0,0,0.37605797331050145,"{'0': 0.6239420266894986, '1': 0.37605797331050145}",train
472,1,1,0.6770049450118809,"{'0': 0.3229950549881191, '1': 0.6770049450118809}",train
477,1,1,0.7520820451609774,"{'0': 0.24791795483902257, '1': 0.7520820451609774}",train
485,1,1,0.7789655161641704,"{'0': 0.22103448383582958, '1': 0.7789655161641704}",train
488,1,1,0.7692042305946662,"{'0': 0.23079576940533375, '1': 0.7692042305946662}",train
489,0,1,0.7203401102332105,"{'0': 0.27965988976678946, '1': 0.7203401102332105}",train
490,1,1,0.8203105081024529,"{'0': 0.17968949189754713, '1': 0.8203105081024529}",train
492,1,1,0.5963746002649626,"{'0': 0.4036253997350374, '1': 0.5963746002649626}",train
494,1,1,0.9324423253028936,"{'0': 0.06755767469710638, '1': 0.9324423253028936}",train
497,1,1,0.9072488205127399,"{'0': 0.09275117948726008, '1': 0.9072488205127399}",train
514,0,1,0.5740137824842593,"{'0': 0.42598621751574073, '1': 0.5740137824842593}",train
522,1,1,0.9360139592422374,"{'0': 0.0639860407577626, '1': 0.9360139592422374}",train
526,1,1,0.7159135544302301,"{'0': 0.2840864455697699, '1': 0.7159135544302301}",train
529,1,1,0.7771158862851243,"{'0': 0.2228841137148757, '1': 0.7771158862851243}",train
531,1,1,0.871530364773782,"{'0': 0.12846963522621802, '1': 0.871530364773782}",train
532,1,1,0.7155681846001546,"{'0': 0.2844318153998454, '1': 0.7155681846001546}",train
538,1,1,0.9277880198242159,"{'0': 0.07221198017578412, '1': 0.9277880198242159}",train
541,1,1,0.6962486400905656,"{'0': 0.30375135990943436, '1': 0.6962486400905656}",train
547,1,1,0.8948046155984091,"{'0': 0.10519538440159093, '1': 0.8948046155984091}",train
549,1,1,0.8253463929267469,"{'0': 0.17465360707325306, '1': 0.8253463929267469}",train
550,1,1,0.8430531133929073,"{'0': 0.15694688660709266, '1': 0.8430531133929073}",train
553,1,1,0.8593794450354211,"{'0': 0.14062055496457893, '1': 0.8593794450354211}",train
564,0,0,0.10243374694389745,"{'0': 0.8975662530561026, '1': 0.10243374694389745}",train
567,0,0,0.13322135806918578,"{'0': 0.8667786419308142, '1': 0.13322135806918578}",train
1,0,0,0.4408183070782527,"{'0': 0.5591816929217472, '1': 0.4408183070782527}",train
5,1,1,0.699557568934688,"{'0': 0.300442431065312, '1': 0.699557568934688}",train
8,0,1,0.5131262118285163,"{'0': 0.48687378817148375, '1': 0.5131262118285163}",train
9,0,1,0.8766360519210882,"{'0': 0.12336394807891182, '1': 0.8766360519210882}",train
13,1,1,0.7825006574294922,"{'0': 0.21749934257050785, '1': 0.7825006574294922}",train
15,1,0,0.4537270655302261,"{'0': 0.5462729344697739, '1': 0.4537270655302261}",train
23,1,0,0.3833080821146121,"{'0': 0.6166919178853879, '1': 0.3833080821146121}",train
25,0,0,0.24829614765173338,"{'0': 0.7517038523482666, '1': 0.24829614765173338}",train
27,1,1,0.6524224599403669,"{'0': 0.34757754005963315, '1': 0.6524224599403669}",train
30,0,0,0.2312097607019723,"{'0': 0.7687902392980277, '1': 0.2312097607019723}",train
32,0,0,0.26682004934050235,"{'0': 0.7331799506594976, '1': 0.26682004934050235}",train
34,0,1,0.6611660795853371,"{'0': 0.33883392041466287, '1': 0.6611660795853371}",train
38,0,0,0.38156301971567214,"{'0': 0.6184369802843279, '1': 0.38156301971567214}",train
43,0,1,0.6765484404247238,"{'0': 0.32345155957527616, '1': 0.6765484404247238}",train
46,1,1,0.9708674613483481,"{'0': 0.029132538651651885, '1': 0.9708674613483481}",train
49,1,1,0.8461133081818765,"{'0': 0.15388669181812353, '1': 0.8461133081818765}",train
59,1,1,0.9371669484280183,"{'0': 0.06283305157198171, '1': 0.9371669484280183}",train
66,1,1,0.8883974367980475,"{'0': 0.1116025632019525, '1': 0.8883974367980475}",train
69,1,1,0.7315212519872183,"{'0': 0.2684787480127817, '1': 0.7315212519872183}",train
74,1,1,0.91206200567507,"{'0': 0.08793799432492999, '1': 0.91206200567507}",train
75,0,1,0.5346263207941463,"{'0': 0.4653736792058537, '1': 0.5346263207941463}",train
86,1,1,0.8105540768601895,"{'0': 0.18944592313981046, '1': 0.8105540768601895}",train
94,1,1,0.6186832751695216,"{'0': 0.3813167248304784, '1': 0.6186832751695216}",train
95,1,0,0.4457101479294405,"{'0': 0.5542898520705595, '1': 0.4457101479294405}",train
97,1,1,0.8760255997806542,"{'0': 0.1239744002193458, '1': 0.8760255997806542}",train
101,1,1,0.9305365131698313,"{'0': 0.06946348683016867, '1': 0.9305365131698313}",train
103,1,1,0.8014104522259703,"{'0': 0.1985895477740297, '1': 0.8014104522259703}",train
105,0,1,0.6332538638268227,"{'0': 0.3667461361731773, '1': 0.6332538638268227}",train
108,0,0,0.0696533687480328,"{'0': 0.9303466312519673, '1': 0.0696533687480328}",train
116,1,1,0.8541759975881255,"{'0': 0.14582400241187454, '1': 0.8541759975881255}",train
126,0,1,0.699426680151411,"{'0': 0.30057331984858904, '1': 0.699426680151411}",train
128,1,0,0.4216006996260565,"{'0': 0.5783993003739435, '1': 0.4216006996260565}",train
139,1,1,0.9100314713019507,"{'0': 0.08996852869804928, '1': 0.9100314713019507}",train
142,1,1,0.9237073568849499,"{'0': 0.07629264311505013, '1': 0.9237073568849499}",train
148,1,1,0.6084528129089342,"{'0': 0.39154718709106584, '1': 0.6084528129089342}",train
152,1,1,0.8514365952387506,"{'0': 0.1485634047612494, '1': 0.8514365952387506}",train
158,1,1,0.8189222084141866,"{'0': 0.18107779158581339, '1': 0.8189222084141866}",train
169,1,1,0.5795016686138473,"{'0': 0.42049833138615267, '1': 0.5795016686138473}",train
173,1,1,0.8590758164663325,"{'0': 0.14092418353366754, '1': 0.8590758164663325}",train
174,1,1,0.9693974801894495,"{'0': 0.03060251981055051, '1': 0.9693974801894495}",train
178,1,1,0.94076346295561,"{'0': 0.059236537044390025, '1': 0.94076346295561}",train
181,0,0,0.12966253830684007,"{'0': 0.87033746169316, '1': 0.12966253830684007}",train
183,1,1,0.9525354873164131,"{'0': 0.04746451268358687, '1': 0.9525354873164131}",train
184,0,1,0.6408399511541513,"{'0': 0.35916004884584873, '1': 0.6408399511541513}",train
194,1,1,0.5772136142514896,"{'0': 0.42278638574851035, '1': 0.5772136142514896}",train
195,1,1,0.7736812257676923,"{'0': 0.22631877423230773, '1': 0.7736812257676923}",train
199,0,1,0.7151280327031605,"{'0': 0.2848719672968395, '1': 0.7151280327031605}",train
202,0,0,0.05975091571150533,"{'0': 0.9402490842884946, '1': 0.05975091571150533}",train
203,0,1,0.6627194056293715,"{'0': 0.3372805943706285, '1': 0.6627194056293715}",train
210,0,0,0.2571229853306997,"{'0': 0.7428770146693002, '1': 0.2571229853306997}",train
224,1,1,0.7803430619804963,"{'0': 0.2196569380195037, '1': 0.7803430619804963}",train
228,1,1,0.7897484239898841,"{'0': 0.2102515760101159, '1': 0.7897484239898841}",train
232,1,1,0.6949824929798954,"{'0': 0.30501750702010455, '1': 0.6949824929798954}",train
233,0,0,0.2503289681839693,"{'0': 0.7496710318160307, '1': 0.2503289681839693}",train
234,1,1,0.9151111260692955,"{'0': 0.08488887393070454, '1': 0.9151111260692955}",train
237,0,0,0.40080111621102205,"{'0': 0.5991988837889779, '1': 0.40080111621102205}",train
245,1,1,0.8856768779771019,"{'0': 0.11432312202289807, '1': 0.8856768779771019}",train
255,0,1,0.6124089146995378,"{'0': 0.38759108530046216, '1': 0.6124089146995378}",train
257,0,0,0.3517686201917969,"{'0': 0.6482313798082031, '1': 0.3517686201917969}",train
263,0,1,0.6509279797865761,"{'0': 0.3490720202134239, '1': 0.6509279797865761}",train
272,0,0,0.20269960949768637,"{'0': 0.7973003905023136, '1': 0.20269960949768637}",train
277,0,0,0.435607504886606,"{'0': 0.5643924951133941, '1': 0.435607504886606}",train
286,1,1,0.79220114457909,"{'0': 0.20779885542091003, '1': 0.79220114457909}",train
287,1,1,0.816950775372557,"{'0': 0.183049224627443, '1': 0.816950775372557}",train
296,1,1,0.8358196555851015,"{'0': 0.16418034441489848, '1': 0.8358196555851015}",train
300,0,0,0.29355296453032353,"{'0': 0.7064470354696765, '1': 0.29355296453032353}",train
308,1,1,0.9533265668799499,"{'0': 0.04667343312005012, '1': 0.9533265668799499}",train
313,1,1,0.8504630956259592,"{'0': 0.14953690437404077, '1': 0.8504630956259592}",train
318,1,1,0.8733994293163693,"{'0': 0.12660057068363073, '1': 0.8733994293163693}",train
329,0,0,0.45425261696175456,"{'0': 0.5457473830382454, '1': 0.45425261696175456}",train
332,1,1,0.9525459929611283,"{'0': 0.047454007038871704, '1': 0.9525459929611283}",train
341,1,1,0.8549849029955593,"{'0': 0.1450150970044407, '1': 0.8549849029955593}",train
342,1,1,0.923392265415051,"{'0': 0.07660773458494896, '1': 0.923392265415051}",train
343,0,0,0.36962752739809246,"{'0': 0.6303724726019075, '1': 0.36962752739809246}",train
346,1,1,0.852912868516323,"{'0': 0.14708713148367702, '1': 0.852912868516323}",train
354,1,1,0.8430445900153195,"{'0': 0.1569554099846805, '1': 0.8430445900153195}",train
364,1,1,0.9161258657238838,"{'0': 0.08387413427611623, '1': 0.9161258657238838}",train
368,1,0,0.45244926365539934,"{'0': 0.5475507363446006, '1': 0.45244926365539934}",train
382,1,1,0.7965797975027575,"{'0': 0.20342020249724246, '1': 0.7965797975027575}",train
385,0,1,0.6084901853940774,"{'0': 0.3915098146059226, '1': 0.6084901853940774}",train
388,1,1,0.9410671532035966,"{'0': 0.058932846796403426, '1': 0.9410671532035966}",train
390,1,1,0.835193924845341,"{'0': 0.16480607515465895, '1': 0.835193924845341}",train
392,0,1,0.5077280073054866,"{'0': 0.4922719926945134, '1': 0.5077280073054866}",train
400,0,0,0.2321585019278284,"{'0': 0.7678414980721716, '1': 0.2321585019278284}",train
401,1,1,0.9513126707559632,"{'0': 0.04868732924403685, '1': 0.9513126707559632}",train
402,1,1,0.7856893591432559,"{'0': 0.21431064085674412, '1': 0.7856893591432559}",train
410,1,1,0.9333262118508252,"{'0': 0.0666737881491748, '1': 0.9333262118508252}",train
416,1,1,0.9009999093765598,"{'0': 0.09900009062344017, '1': 0.9009999093765598}",train
426,1,1,0.8603199620641753,"{'0': 0.13968003793582473, '1': 0.8603199620641753}",train
429,1,1,0.9406126784368273,"{'0': 0.059387321563172724, '1': 0.9406126784368273}",train
430,0,0,0.3890505985504269,"{'0': 0.6109494014495731, '1': 0.3890505985504269}",train
432,1,0,0.3589026204179854,"{'0': 0.6410973795820146, '1': 0.3589026204179854}",train
436,1,1,0.8928211216816586,"{'0': 0.10717887831834139, '1': 0.8928211216816586}",train
440,1,1,0.9234318738340627,"{'0': 0.07656812616593733, '1': 0.9234318738340627}",train
441,0,1,0.5541578012730866,"{'0': 0.44584219872691344, '1': 0.5541578012730866}",train
442,1,1,0.9201423949985664,"{'0': 0.07985760500143357, '1': 0.9201423949985664}",train
444,1,1,0.6601468180544708,"{'0': 0.33985318194552916, '1': 0.6601468180544708}",train
447,1,1,0.7017548750483372,"{'0': 0.2982451249516628, '1': 0.7017548750483372}",train
448,1,1,0.8582438878868675,"{'0': 0.14175611211313255, '1': 0.8582438878868675}",train
450,1,1,0.8513832580912257,"{'0': 0.14861674190877427, '1': 0.8513832580912257}",train
456,1,1,0.739799996971327,"{'0': 0.26020000302867297, '1': 0.739799996971327}",train
459,1,1,0.9260901317920085,"{'0': 0.0739098682079915, '1': 0.9260901317920085}",train
463,1,1,0.939356490435482,"{'0': 0.06064350956451803, '1': 0.939356490435482}",train
465,1,1,0.8340821133156946,"{'0': 0.1659178866843054, '1': 0.8340821133156946}",train
471,1,1,0.8812405754606294,"{'0': 0.1187594245393706, '1': 0.8812405754606294}",train
473,1,1,0.7888941781172836,"{'0': 0.21110582188271643, '1': 0.7888941781172836}",train
474,1,1,0.9065963927400069,"{'0': 0.09340360725999308, '1': 0.9065963927400069}",train
476,1,1,0.6493089315107637,"{'0': 0.35069106848923626, '1': 0.6493089315107637}",train
491,1,1,0.8640072922212413,"{'0': 0.13599270777875871, '1': 0.8640072922212413}",train
498,0,0,0.40910679349571716,"{'0': 0.5908932065042829, '1': 0.40910679349571716}",train
499,0,0,0.18246917291223996,"{'0': 0.81753082708776, '1': 0.18246917291223996}",train
501,0,1,0.6529824400688161,"{'0': 0.3470175599311839, '1': 0.6529824400688161}",train
506,1,1,0.6427928066851606,"{'0': 0.3572071933148394, '1': 0.6427928066851606}",train
509,1,1,0.5254081294577654,"{'0': 0.4745918705422346, '1': 0.5254081294577654}",train
516,1,0,0.45707291598015315,"{'0': 0.5429270840198468, '1': 0.45707291598015315}",train
517,0,0,0.28018641860752524,"{'0': 0.7198135813924748, '1': 0.28018641860752524}",train
518,1,1,0.5807272041694017,"{'0': 0.4192727958305983, '1': 0.5807272041694017}",train
524,1,1,0.9539213515181189,"{'0': 0.046078648481881146, '1': 0.9539213515181189}",train
525,1,1,0.9598365795718308,"{'0': 0.04016342042816923, '1': 0.9598365795718308}",train
527,1,1,0.9249734436712929,"{'0': 0.07502655632870714, '1': 0.9249734436712929}",train
530,1,1,0.8875301887699116,"{'0': 0.11246981123008837, '1': 0.8875301887699116}",train
544,1,1,0.8533558268230473,"{'0': 0.14664417317695266, '1': 0.8533558268230473}",train
545,1,1,0.6733069874803714,"{'0': 0.32669301251962857, '1': 0.6733069874803714}",train
546,1,1,0.8311079046966192,"{'0': 0.16889209530338078, '1': 0.8311079046966192}",train
552,1,1,0.8847437186676607,"{'0': 0.11525628133233934, '1': 0.8847437186676607}",train
555,1,1,0.916636975419866,"{'0': 0.083363024580134, '1': 0.916636975419866}",train
556,1,1,0.9540891317572874,"{'0': 0.04591086824271262, '1': 0.9540891317572874}",train
558,1,1,0.794832881486868,"{'0': 0.20516711851313196, '1': 0.794832881486868}",train
560,1,1,0.7832164808600758,"{'0': 0.21678351913992422, '1': 0.7832164808600758}",train
561,1,1,0.952441543091888,"{'0': 0.047558456908112, '1': 0.952441543091888}",train
568,1,1,0.9012331936312885,"{'0': 0.09876680636871149, '1': 0.9012331936312885}",train
0,0,0,0.37775626201236145,"{'0': 0.6222437379876385, '1': 0.37775626201236145}",train
17,1,0,0.3996118596287518,"{'0': 0.6003881403712482, '1': 0.3996118596287518}",train
19,1,1,0.7226570177724474,"{'0': 0.2773429822275526, '1': 0.7226570177724474}",train
22,1,1,0.590142163090664,"{'0': 0.40985783690933597, '1': 0.590142163090664}",train
37,1,1,0.934763578075132,"{'0': 0.065236421924868, '1': 0.934763578075132}",train
39,0,1,0.6659427669229232,"{'0': 0.3340572330770768, '1': 0.6659427669229232}",train
41,0,1,0.7193635200929029,"{'0': 0.28063647990709706, '1': 0.7193635200929029}",train
42,1,0,0.4239184130200803,"{'0': 0.5760815869799196, '1': 0.4239184130200803}",train
47,0,1,0.7318873752759695,"{'0': 0.2681126247240305, '1': 0.7318873752759695}",train
48,1,1,0.7696326064692816,"{'0': 0.23036739353071845, '1': 0.7696326064692816}",train
52,1,1,0.9342227663988859,"{'0': 0.0657772336011141, '1': 0.9342227663988859}",train
57,0,1,0.5454572985983407,"{'0': 0.4545427014016593, '1': 0.5454572985983407}",train
58,1,1,0.7587851094342228,"{'0': 0.24121489056577716, '1': 0.7587851094342228}",train
60,1,1,0.9401611400343748,"{'0': 0.05983885996562521, '1': 0.9401611400343748}",train
62,0,1,0.535986672072558,"{'0': 0.464013327927442, '1': 0.535986672072558}",train
70,1,1,0.538596549635677,"{'0': 0.46140345036432295, '1': 0.538596549635677}",train
76,1,1,0.8562801285455586,"{'0': 0.14371987145444143, '1': 0.8562801285455586}",train
78,0,0,0.1760675712184465,"{'0': 0.8239324287815535, '1': 0.1760675712184465}",train
80,1,1,0.8081847498626364,"{'0': 0.19181525013736356, '1': 0.8081847498626364}",train
90,1,1,0.8210531459858879,"{'0': 0.17894685401411214, '1': 0.8210531459858879}",train
98,1,1,0.9351171107117713,"{'0': 0.06488288928822872, '1': 0.9351171107117713}",train
104,1,1,0.923497930931866,"{'0': 0.07650206906813395, '1': 0.923497930931866}",train
106,1,1,0.8746414278056011,"{'0': 0.12535857219439894, '1': 0.8746414278056011}",train
110,1,1,0.8920940100927444,"{'0': 0.10790598990725564, '1': 0.8920940100927444}",train
113,1,1,0.7514118100309987,"{'0': 0.24858818996900134, '1': 0.7514118100309987}",train
115,1,1,0.8891069284304439,"{'0': 0.11089307156955608, '1': 0.8891069284304439}",train
124,1,1,0.7578869621402262,"{'0': 0.24211303785977378, '1': 0.7578869621402262}",train
133,1,1,0.5661209232908264,"{'0': 0.4338790767091736, '1': 0.5661209232908264}",train
135,1,1,0.8914505415679571,"{'0': 0.10854945843204289, '1': 0.8914505415679571}",train
140,1,1,0.8938000208135146,"{'0': 0.10619997918648538, '1': 0.8938000208135146}",train
143,1,1,0.7946362697488842,"{'0': 0.20536373025111576, '1': 0.7946362697488842}",train
144,1,1,0.8534558672981825,"{'0': 0.14654413270181754, '1': 0.8534558672981825}",train
145,1,1,0.8212415282148704,"{'0': 0.1787584717851296, '1': 0.8212415282148704}",train
146,1,1,0.8049737759512389,"{'0': 0.19502622404876113, '1': 0.8049737759512389}",train
147,1,1,0.8920547760143008,"{'0': 0.10794522398569917, '1': 0.8920547760143008}",train
151,1,1,0.9471914779731408,"{'0': 0.05280852202685915, '1': 0.9471914779731408}",train
153,1,1,0.9532668643365235,"{'0': 0.04673313566347648, '1': 0.9532668643365235}",train
157,1,1,0.5457108619258024,"{'0': 0.4542891380741976, '1': 0.5457108619258024}",train
164,1,0,0.3337979196298103,"{'0': 0.6662020803701897, '1': 0.3337979196298103}",train
179,1,1,0.9532100836732096,"{'0': 0.046789916326790415, '1': 0.9532100836732096}",train
180,0,0,0.038870611335435054,"{'0': 0.961129388664565, '1': 0.038870611335435054}",train
185,1,1,0.9248006902546917,"{'0': 0.07519930974530831, '1': 0.9248006902546917}",train
186,0,0,0.4715594814938009,"{'0': 0.5284405185061991, '1': 0.4715594814938009}",train
200,1,1,0.7339980134756151,"{'0': 0.2660019865243849, '1': 0.7339980134756151}",train
201,0,1,0.5026669828419397,"{'0': 0.49733301715806033, '1': 0.5026669828419397}",train
206,1,1,0.8262051825484319,"{'0': 0.1737948174515681, '1': 0.8262051825484319}",train
209,1,1,0.8938602164912633,"{'0': 0.10613978350873665, '1': 0.8938602164912633}",train
212,0,0,0.023367208042717424,"{'0': 0.9766327919572826, '1': 0.023367208042717424}",train
214,1,1,0.8013708817464031,"{'0': 0.19862911825359686, '1': 0.8013708817464031}",train
217,1,1,0.8507135437742238,"{'0': 0.1492864562257762, '1': 0.8507135437742238}",train
226,1,1,0.8088134025894379,"{'0': 0.1911865974105621, '1': 0.8088134025894379}",train
229,1,1,0.6380011308501823,"{'0': 0.3619988691498177, '1': 0.6380011308501823}",train
231,1,1,0.7400814543997266,"{'0': 0.2599185456002734, '1': 0.7400814543997266}",train
236,0,0,0.14102702674614329,"{'0': 0.8589729732538567, '1': 0.14102702674614329}",train
239,0,0,0.1800705582499815,"{'0': 0.8199294417500185, '1': 0.1800705582499815}",train
241,1,1,0.8091344001634048,"{'0': 0.19086559983659523, '1': 0.8091344001634048}",train
243,1,1,0.6172350168682503,"{'0': 0.38276498313174967, '1': 0.6172350168682503}",train
246,1,1,0.8431803227850513,"{'0': 0.15681967721494872, '1': 0.8431803227850513}",train
247,1,1,0.8153021232813854,"{'0': 0.1846978767186146, '1': 0.8153021232813854}",train
249,1,1,0.7732341925057313,"{'0': 0.22676580749426867, '1': 0.7732341925057313}",train
251,1,1,0.9204560285013619,"{'0': 0.07954397149863812, '1': 0.9204560285013619}",train
252,0,0,0.4260916114779405,"{'0': 0.5739083885220595, '1': 0.4260916114779405}",train
258,0,0,0.1949961982868474,"{'0': 0.8050038017131527, '1': 0.1949961982868474}",train
262,0,0,0.4458231114308229,"{'0': 0.5541768885691771, '1': 0.4458231114308229}",train
266,1,1,0.7771134848438445,"{'0': 0.22288651515615554, '1': 0.7771134848438445}",train
270,1,1,0.7453567144322211,"{'0': 0.25464328556777893, '1': 0.7453567144322211}",train
273,1,1,0.9647783973939597,"{'0': 0.03522160260604035, '1': 0.9647783973939597}",train
276,1,1,0.8443198802751036,"{'0': 0.15568011972489637, '1': 0.8443198802751036}",train
282,0,0,0.35469021787035004,"{'0': 0.64530978212965, '1': 0.35469021787035004}",train
284,1,1,0.7168938189858475,"{'0': 0.2831061810141525, '1': 0.7168938189858475}",train
288,1,1,0.7456214135355385,"{'0': 0.25437858646446154, '1': 0.7456214135355385}",train
290,1,1,0.6967402374903003,"{'0': 0.30325976250969966, '1': 0.6967402374903003}",train
294,1,1,0.920063011607929,"{'0': 0.07993698839207097, '1': 0.920063011607929}",train
295,1,1,0.7588588051525471,"{'0': 0.2411411948474529, '1': 0.7588588051525471}",train
297,0,1,0.6851901575117357,"{'0': 0.31480984248826427, '1': 0.6851901575117357}",train
299,1,1,0.9301552845922249,"{'0': 0.06984471540777515, '1': 0.9301552845922249}",train
303,1,1,0.8144232523107213,"{'0': 0.18557674768927868, '1': 0.8144232523107213}",train
307,1,1,0.9205116255024196,"{'0': 0.0794883744975804, '1': 0.9205116255024196}",train
312,1,1,0.8008604234222606,"{'0': 0.1991395765777394, '1': 0.8008604234222606}",train
314,1,1,0.955761806583884,"{'0': 0.04423819341611601, '1': 0.955761806583884}",train
315,1,1,0.7522563436298202,"{'0': 0.2477436563701798, '1': 0.7522563436298202}",train
316,1,1,0.956255368669623,"{'0': 0.04374463133037698, '1': 0.956255368669623}",train
327,1,1,0.7907067390721264,"{'0': 0.2092932609278736, '1': 0.7907067390721264}",train
330,0,1,0.5950630303528371,"{'0': 0.40493696964716286, '1': 0.5950630303528371}",train
334,1,1,0.8378863036860971,"{'0': 0.16211369631390293, '1': 0.8378863036860971}",train
335,1,1,0.558388082935628,"{'0': 0.441611917064372, '1': 0.558388082935628}",train
344,1,1,0.9003836027972195,"{'0': 0.09961639720278048, '1': 0.9003836027972195}",train
347,1,1,0.7458370784213567,"{'0': 0.2541629215786433, '1': 0.7458370784213567}",train
349,1,1,0.8817831333576848,"{'0': 0.11821686664231523, '1': 0.8817831333576848}",train
350,1,1,0.9531472347457831,"{'0': 0.04685276525421689, '1': 0.9531472347457831}",train
352,0,0,0.060172745719512845,"{'0': 0.9398272542804872, '1': 0.060172745719512845}",train
356,1,1,0.8346003368203129,"{'0': 0.16539966317968713, '1': 0.8346003368203129}",train
372,1,0,0.35529893421024855,"{'0': 0.6447010657897514, '1': 0.35529893421024855}",train
374,1,1,0.7668458317047854,"{'0': 0.23315416829521463, '1': 0.7668458317047854}",train
376,1,1,0.8308807151956339,"{'0': 0.1691192848043661, '1': 0.8308807151956339}",train
379,0,1,0.8388597676076187,"{'0': 0.1611402323923813, '1': 0.8388597676076187}",train
387,1,1,0.9330501147659152,"{'0': 0.06694988523408485, '1': 0.9330501147659152}",train
391,1,1,0.9685044222072832,"{'0': 0.03149557779271683, '1': 0.9685044222072832}",train
393,1,0,0.10544975035473939,"{'0': 0.8945502496452606, '1': 0.10544975035473939}",train
394,1,1,0.7463833521626781,"{'0': 0.25361664783732185, '1': 0.7463833521626781}",train
395,1,1,0.7245071472146863,"{'0': 0.27549285278531366, '1': 0.7245071472146863}",train
397,1,1,0.6651837425156004,"{'0': 0.3348162574843996, '1': 0.6651837425156004}",train
403,1,1,0.7398863405391712,"{'0': 0.26011365946082876, '1': 0.7398863405391712}",train
407,1,1,0.792484913017675,"{'0': 0.20751508698232501, '1': 0.792484913017675}",train
408,0,0,0.3773200708789238,"{'0': 0.6226799291210763, '1': 0.3773200708789238}",train
412,1,1,0.8778419069664445,"{'0': 0.12215809303355551, '1': 0.8778419069664445}",train
419,1,1,0.8115989980974254,"{'0': 0.18840100190257458, '1': 0.8115989980974254}",train
422,1,1,0.6565290418399073,"{'0': 0.34347095816009265, '1': 0.6565290418399073}",train
423,1,1,0.8103845681978471,"{'0': 0.1896154318021529, '1': 0.8103845681978471}",train
424,1,1,0.9316889259615215,"{'0': 0.06831107403847847, '1': 0.9316889259615215}",train
431,1,1,0.7754115679749193,"{'0': 0.22458843202508072, '1': 0.7754115679749193}",train
434,1,1,0.6606801063921728,"{'0': 0.3393198936078272, '1': 0.6606801063921728}",train
438,1,1,0.9075554208838492,"{'0': 0.09244457911615078, '1': 0.9075554208838492}",train
454,1,1,0.9107931302480404,"{'0': 0.08920686975195957, '1': 0.9107931302480404}",train
457,1,1,0.6718527732667742,"{'0': 0.3281472267332258, '1': 0.6718527732667742}",train
464,1,1,0.735560036703524,"{'0': 0.264439963296476, '1': 0.735560036703524}",train
466,1,1,0.6921366672107725,"{'0': 0.3078633327892275, '1': 0.6921366672107725}",train
469,1,1,0.746749529425082,"{'0': 0.253250470574918, '1': 0.746749529425082}",train
475,1,1,0.8952999367089493,"{'0': 0.10470006329105075, '1': 0.8952999367089493}",train
481,1,1,0.8901674327199061,"{'0': 0.10983256728009394, '1': 0.8901674327199061}",train
482,1,1,0.6977666446902966,"{'0': 0.3022333553097034, '1': 0.6977666446902966}",train
483,1,1,0.6008946379102047,"{'0': 0.3991053620897953, '1': 0.6008946379102047}",train
484,1,1,0.5545144147244154,"{'0': 0.4454855852755846, '1': 0.5545144147244154}",train
486,1,1,0.6731516146264132,"{'0': 0.32684838537358685, '1': 0.6731516146264132}",train
495,1,1,0.8290905190324069,"{'0': 0.17090948096759306, '1': 0.8290905190324069}",train
496,1,1,0.732519083943656,"{'0': 0.26748091605634405, '1': 0.732519083943656}",train
502,1,1,0.746479950689937,"{'0': 0.253520049310063, '1': 0.746479950689937}",train
503,1,0,0.31116687006507343,"{'0': 0.6888331299349266, '1': 0.31116687006507343}",train
505,1,1,0.9082901735273283,"{'0': 0.09170982647267167, '1': 0.9082901735273283}",train
507,1,1,0.8485726165453832,"{'0': 0.15142738345461682, '1': 0.8485726165453832}",train
511,1,1,0.9082697855019213,"{'0': 0.09173021449807872, '1': 0.9082697855019213}",train
512,0,1,0.6014684578768417,"{'0': 0.39853154212315833, '1': 0.6014684578768417}",train
515,1,1,0.7548993447430598,"{'0': 0.24510065525694025, '1': 0.7548993447430598}",train
520,1,1,0.892015706550797,"{'0': 0.10798429344920302, '1': 0.892015706550797}",train
521,1,0,0.09059881365243014,"{'0': 0.9094011863475698, '1': 0.09059881365243014}",train
523,1,1,0.7263235270299233,"{'0': 0.2736764729700767, '1': 0.7263235270299233}",train
528,1,1,0.5719786772938183,"{'0': 0.42802132270618165, '1': 0.5719786772938183}",train
535,0,0,0.12652242129295066,"{'0': 0.8734775787070493, '1': 0.12652242129295066}",train
536,0,1,0.526794122951067,"{'0': 0.473205877048933, '1': 0.526794122951067}",train
537,1,1,0.7853005884438742,"{'0': 0.21469941155612582, '1': 0.7853005884438742}",train
540,1,1,0.9377692948750423,"{'0': 0.06223070512495765, '1': 0.9377692948750423}",train
543,1,1,0.8267788523394276,"{'0': 0.1732211476605724, '1': 0.8267788523394276}",train
548,1,1,0.9595084968562801,"{'0': 0.040491503143719854, '1': 0.9595084968562801}",train
551,1,1,0.7481906411262031,"{'0': 0.25180935887379685, '1': 0.7481906411262031}",train
557,1,1,0.8516077964182712,"{'0': 0.14839220358172878, '1': 0.8516077964182712}",train
559,1,1,0.758252805145588,"{'0': 0.24174719485441198, '1': 0.758252805145588}",train
565,0,0,0.2057699000637035,"{'0': 0.7942300999362966, '1': 0.2057699000637035}",train
566,1,1,0.64726214450773,"{'0': 0.35273785549227, '1': 0.64726214450773}",train
3,0,1,0.8656414792925475,"{'0': 0.13435852070745247, '1': 0.8656414792925475}",train
12,0,0,0.26141546533656024,"{'0': 0.7385845346634398, '1': 0.26141546533656024}",train
14,0,1,0.6378602699598682,"{'0': 0.3621397300401318, '1': 0.6378602699598682}",train
20,1,1,0.6687889601522106,"{'0': 0.33121103984778943, '1': 0.6687889601522106}",train
26,1,1,0.516408673734213,"{'0': 0.48359132626578705, '1': 0.516408673734213}",train
29,1,1,0.6957628341064128,"{'0': 0.3042371658935872, '1': 0.6957628341064128}",train
31,0,1,0.864423161179117,"{'0': 0.135576838820883, '1': 0.864423161179117}",train
33,0,0,0.4015491352252214,"{'0': 0.5984508647747786, '1': 0.4015491352252214}",train
35,0,1,0.6464625002379039,"{'0': 0.35353749976209614, '1': 0.6464625002379039}",train
40,0,1,0.6935143398278903,"{'0': 0.30648566017210965, '1': 0.6935143398278903}",train
53,0,0,0.2528978647323476,"{'0': 0.7471021352676523, '1': 0.2528978647323476}",train
54,0,1,0.6322736620966384,"{'0': 0.3677263379033616, '1': 0.6322736620966384}",train
55,1,1,0.8080700136240939,"{'0': 0.19192998637590608, '1': 0.8080700136240939}",train
61,1,1,0.8665780525140888,"{'0': 0.13342194748591119, '1': 0.8665780525140888}",train
65,0,0,0.4548317973488193,"{'0': 0.5451682026511807, '1': 0.4548317973488193}",train
67,1,1,0.9462514261076168,"{'0': 0.05374857389238319, '1': 0.9462514261076168}",train
68,1,1,0.9029491069471459,"{'0': 0.09705089305285408, '1': 0.9029491069471459}",train
71,1,1,0.907279807348046,"{'0': 0.09272019265195397, '1': 0.907279807348046}",train
72,0,1,0.5514082840048813,"{'0': 0.4485917159951187, '1': 0.5514082840048813}",train
73,0,1,0.6791985539583416,"{'0': 0.3208014460416584, '1': 0.6791985539583416}",train
81,1,1,0.7852851557214017,"{'0': 0.21471484427859833, '1': 0.7852851557214017}",train
84,1,1,0.9166453775546056,"{'0': 0.08335462244539438, '1': 0.9166453775546056}",train
85,0,0,0.48055821156670053,"{'0': 0.5194417884332995, '1': 0.48055821156670053}",train
91,0,0,0.4725260845460254,"{'0': 0.5274739154539746, '1': 0.4725260845460254}",train
99,0,1,0.6718252929673235,"{'0': 0.3281747070326765, '1': 0.6718252929673235}",train
107,1,1,0.9066663365197,"{'0': 0.09333366348030003, '1': 0.9066663365197}",train
109,1,1,0.8600806801822881,"{'0': 0.13991931981771188, '1': 0.8600806801822881}",train
111,1,1,0.8625521740420274,"{'0': 0.13744782595797256, '1': 0.8625521740420274}",train
120,1,1,0.9436688405308974,"{'0': 0.05633115946910261, '1': 0.9436688405308974}",train
122,1,0,0.06512712183049776,"{'0': 0.9348728781695023, '1': 0.06512712183049776}",train
125,1,1,0.7174473026032782,"{'0': 0.28255269739672184, '1': 0.7174473026032782}",train
129,0,0,0.15990453504691587,"{'0': 0.8400954649530841, '1': 0.15990453504691587}",train
130,1,1,0.8438613110337642,"{'0': 0.15613868896623584, '1': 0.8438613110337642}",train
131,0,0,0.42446695029310905,"{'0': 0.5755330497068909, '1': 0.42446695029310905}",train
134,0,0,0.4540956690377459,"{'0': 0.5459043309622541, '1': 0.4540956690377459}",train
137,1,1,0.7458438931592815,"{'0': 0.25415610684071854, '1': 0.7458438931592815}",train
141,1,1,0.7418285741043984,"{'0': 0.2581714258956016, '1': 0.7418285741043984}",train
154,1,1,0.9065931449205065,"{'0': 0.09340685507949353, '1': 0.9065931449205065}",train
156,0,0,0.2519642988450265,"{'0': 0.7480357011549734, '1': 0.2519642988450265}",train
161,1,1,0.6695062568646932,"{'0': 0.3304937431353068, '1': 0.6695062568646932}",train
167,0,1,0.5273475446461141,"{'0': 0.4726524553538859, '1': 0.5273475446461141}",train
171,1,1,0.8721395917645471,"{'0': 0.12786040823545286, '1': 0.8721395917645471}",train
172,0,0,0.45243635987361225,"{'0': 0.5475636401263877, '1': 0.45243635987361225}",train
175,1,1,0.9018509715117831,"{'0': 0.09814902848821694, '1': 0.9018509715117831}",train
176,1,1,0.9280369365997811,"{'0': 0.07196306340021885, '1': 0.9280369365997811}",train
177,0,0,0.4791296056645883,"{'0': 0.5208703943354117, '1': 0.4791296056645883}",train
187,1,1,0.9192013015714872,"{'0': 0.08079869842851284, '1': 0.9192013015714872}",train
191,1,1,0.9142512070454142,"{'0': 0.08574879295458582, '1': 0.9142512070454142}",train
196,0,1,0.6900766077007746,"{'0': 0.3099233922992254, '1': 0.6900766077007746}",train
198,1,1,0.5295233161643418,"{'0': 0.4704766838356582, '1': 0.5295233161643418}",train
204,1,1,0.8516094623981909,"{'0': 0.1483905376018091, '1': 0.8516094623981909}",train
208,1,1,0.7345137386481975,"{'0': 0.26548626135180253, '1': 0.7345137386481975}",train
211,1,1,0.7980493106256746,"{'0': 0.20195068937432537, '1': 0.7980493106256746}",train
216,1,1,0.833402830324093,"{'0': 0.166597169675907, '1': 0.833402830324093}",train
218,1,0,0.44280963031219595,"{'0': 0.557190369687804, '1': 0.44280963031219595}",train
219,0,0,0.3600433747251833,"{'0': 0.6399566252748168, '1': 0.3600433747251833}",train
222,1,1,0.8447543116993588,"{'0': 0.15524568830064123, '1': 0.8447543116993588}",train
227,1,1,0.6617066567195006,"{'0': 0.3382933432804994, '1': 0.6617066567195006}",train
235,1,1,0.7175869878827195,"{'0': 0.28241301211728054, '1': 0.7175869878827195}",train
242,1,1,0.8818976372993128,"{'0': 0.11810236270068719, '1': 0.8818976372993128}",train
248,1,1,0.8139942564390595,"{'0': 0.18600574356094046, '1': 0.8139942564390595}",train
253,0,0,0.45645688531764766,"{'0': 0.5435431146823524, '1': 0.45645688531764766}",train
254,0,0,0.3878134001390629,"{'0': 0.612186599860937, '1': 0.3878134001390629}",train
259,0,0,0.4353311390691019,"{'0': 0.5646688609308981, '1': 0.4353311390691019}",train
264,0,0,0.4663045829195948,"{'0': 0.5336954170804051, '1': 0.4663045829195948}",train
267,1,1,0.7048367899993345,"{'0': 0.2951632100006655, '1': 0.7048367899993345}",train
268,1,1,0.9196227166954151,"{'0': 0.08037728330458493, '1': 0.9196227166954151}",train
271,1,1,0.9326239761740471,"{'0': 0.06737602382595287, '1': 0.9326239761740471}",train
275,1,1,0.609073422789126,"{'0': 0.390926577210874, '1': 0.609073422789126}",train
278,1,1,0.9182696327372611,"{'0': 0.08173036726273886, '1': 0.9182696327372611}",train
279,1,1,0.6394875066245841,"{'0': 0.3605124933754159, '1': 0.6394875066245841}",train
292,1,1,0.9114307047564095,"{'0': 0.08856929524359047, '1': 0.9114307047564095}",train
298,1,1,0.7465770457322739,"{'0': 0.2534229542677261, '1': 0.7465770457322739}",train
301,1,1,0.7243660985245775,"{'0': 0.27563390147542255, '1': 0.7243660985245775}",train
304,1,1,0.9371562726641516,"{'0': 0.06284372733584842, '1': 0.9371562726641516}",train
305,1,1,0.9304072572202196,"{'0': 0.06959274277978045, '1': 0.9304072572202196}",train
310,1,1,0.9330326152477276,"{'0': 0.06696738475227237, '1': 0.9330326152477276}",train
311,1,1,0.7094981372573574,"{'0': 0.29050186274264256, '1': 0.7094981372573574}",train
320,1,1,0.9369385819917819,"{'0': 0.06306141800821807, '1': 0.9369385819917819}",train
321,0,0,0.3007362525954606,"{'0': 0.6992637474045393, '1': 0.3007362525954606}",train
322,1,1,0.7570165832639238,"{'0': 0.24298341673607615, '1': 0.7570165832639238}",train
323,1,0,0.150093880526731,"{'0': 0.849906119473269, '1': 0.150093880526731}",train
325,1,1,0.9026589816418055,"{'0': 0.09734101835819453, '1': 0.9026589816418055}",train
326,1,1,0.9303717501681534,"{'0': 0.06962824983184657, '1': 0.9303717501681534}",train
336,1,1,0.7833061979182082,"{'0': 0.2166938020817918, '1': 0.7833061979182082}",train
339,0,0,0.09850854490634035,"{'0': 0.9014914550936597, '1': 0.09850854490634035}",train
348,1,1,0.9418690744902298,"{'0': 0.05813092550977017, '1': 0.9418690744902298}",train
351,0,0,0.44756864220453385,"{'0': 0.5524313577954661, '1': 0.44756864220453385}",train
353,1,1,0.7109893965840729,"{'0': 0.2890106034159271, '1': 0.7109893965840729}",train
359,1,1,0.8402378344748722,"{'0': 0.1597621655251278, '1': 0.8402378344748722}",train
362,1,1,0.7378335383953081,"{'0': 0.2621664616046919, '1': 0.7378335383953081}",train
363,1,1,0.8134435463482785,"{'0': 0.18655645365172147, '1': 0.8134435463482785}",train
365,1,0,0.4936984060592819,"{'0': 0.506301593940718, '1': 0.4936984060592819}",train
370,0,1,0.5611882346021169,"{'0': 0.43881176539788314, '1': 0.5611882346021169}",train
371,1,1,0.6884564569055854,"{'0': 0.31154354309441457, '1': 0.6884564569055854}",train
373,0,0,0.3259754463652893,"{'0': 0.6740245536347107, '1': 0.3259754463652893}",train
375,1,1,0.5398116791181506,"{'0': 0.46018832088184936, '1': 0.5398116791181506}",train
377,1,1,0.6981728140934477,"{'0': 0.30182718590655233, '1': 0.6981728140934477}",train
380,1,1,0.7630590187788149,"{'0': 0.23694098122118512, '1': 0.7630590187788149}",train
381,1,1,0.8211761607702464,"{'0': 0.17882383922975364, '1': 0.8211761607702464}",train
383,1,1,0.8788679112020552,"{'0': 0.12113208879794479, '1': 0.8788679112020552}",train
386,1,1,0.81381833596243,"{'0': 0.18618166403756997, '1': 0.81381833596243}",train
389,1,1,0.5100804389277188,"{'0': 0.4899195610722812, '1': 0.5100804389277188}",train
396,1,1,0.5890633977336964,"{'0': 0.4109366022663036, '1': 0.5890633977336964}",train
398,1,1,0.9547365016940085,"{'0': 0.04526349830599152, '1': 0.9547365016940085}",train
399,1,1,0.9224776992120913,"{'0': 0.07752230078790867, '1': 0.9224776992120913}",train
404,1,1,0.9514282805834259,"{'0': 0.04857171941657412, '1': 0.9514282805834259}",train
406,1,1,0.5669792701631637,"{'0': 0.43302072983683626, '1': 0.5669792701631637}",train
409,1,1,0.8191893497035893,"{'0': 0.18081065029641075, '1': 0.8191893497035893}",train
411,1,1,0.7916183406611348,"{'0': 0.2083816593388652, '1': 0.7916183406611348}",train
414,0,1,0.6152419053678432,"{'0': 0.3847580946321568, '1': 0.6152419053678432}",train
417,1,1,0.5293998285525772,"{'0': 0.47060017144742283, '1': 0.5293998285525772}",train
421,1,1,0.782480200848436,"{'0': 0.21751979915156405, '1': 0.782480200848436}",train
433,0,0,0.38613755914147413,"{'0': 0.6138624408585258, '1': 0.38613755914147413}",train
435,1,1,0.7355297583704841,"{'0': 0.26447024162951593, '1': 0.7355297583704841}",train
437,1,1,0.7598200487625068,"{'0': 0.24017995123749325, '1': 0.7598200487625068}",train
451,0,0,0.25376152203518126,"{'0': 0.7462384779648188, '1': 0.25376152203518126}",train
453,1,1,0.6109109050359829,"{'0': 0.3890890949640171, '1': 0.6109109050359829}",train
455,1,1,0.8073098270036955,"{'0': 0.19269017299630453, '1': 0.8073098270036955}",train
458,1,1,0.87900314809249,"{'0': 0.12099685190750997, '1': 0.87900314809249}",train
460,0,1,0.5050493235762226,"{'0': 0.49495067642377744, '1': 0.5050493235762226}",train
461,1,0,0.018986813628996447,"{'0': 0.9810131863710035, '1': 0.018986813628996447}",train
462,1,1,0.5928195832241484,"{'0': 0.4071804167758516, '1': 0.5928195832241484}",train
467,1,1,0.9678167473742529,"{'0': 0.03218325262574706, '1': 0.9678167473742529}",train
470,1,1,0.8497541300428191,"{'0': 0.15024586995718092, '1': 0.8497541300428191}",train
478,1,1,0.8255642656117227,"{'0': 0.1744357343882773, '1': 0.8255642656117227}",train
479,0,0,0.42499412192312025,"{'0': 0.5750058780768798, '1': 0.42499412192312025}",train
480,1,1,0.7777482972968361,"{'0': 0.22225170270316386, '1': 0.7777482972968361}",train
487,0,0,0.3030910583844262,"{'0': 0.6969089416155738, '1': 0.3030910583844262}",train
493,1,1,0.8760669521020253,"{'0': 0.12393304789797466, '1': 0.8760669521020253}",train
500,1,0,0.46968725707702547,"{'0': 0.5303127429229746, '1': 0.46968725707702547}",train
504,1,1,0.79657953005638,"{'0': 0.20342046994361995, '1': 0.79657953005638}",train
508,1,1,0.5800265783752346,"{'0': 0.41997342162476536, '1': 0.5800265783752346}",train
510,1,1,0.8532249470965408,"{'0': 0.14677505290345916, '1': 0.8532249470965408}",train
513,1,1,0.6078051076319646,"{'0': 0.3921948923680354, '1': 0.6078051076319646}",train
519,1,1,0.7106141008548247,"{'0': 0.2893858991451753, '1': 0.7106141008548247}",train
533,1,0,0.4236298481292903,"{'0': 0.5763701518707097, '1': 0.4236298481292903}",train
534,1,1,0.9267391937873413,"{'0': 0.07326080621265874, '1': 0.9267391937873413}",train
539,1,1,0.9077408419820556,"{'0': 0.09225915801794438, '1': 0.9077408419820556}",train
542,1,1,0.5777045437927582,"{'0': 0.42229545620724185, '1': 0.5777045437927582}",train
554,1,1,0.6762039029171665,"{'0': 0.3237960970828335, '1': 0.6762039029171665}",train
562,0,0,0.48843674298375017,"{'0': 0.5115632570162498, '1': 0.48843674298375017}",train
563,1,0,0.10189397469664058,"{'0': 0.8981060253033595, '1': 0.10189397469664058}",train
